<?xml version="1.0" encoding="UTF-8"?>
<!--
   ====================================================================
   Licensed to the Apache Software Foundation (ASF) under one or more
   contributor license agreements.  See the NOTICE file distributed with
   this work for additional information regarding copyright ownership.
   The ASF licenses this file to You under the Apache License, Version 2.0
   (the "License"); you may not use this file except in compliance with
   the License.  You may obtain a copy of the License at

       http://www.apache.org/licenses/LICENSE-2.0

   Unless required by applicable law or agreed to in writing, software
   distributed under the License is distributed on an "AS IS" BASIS,
   WITHOUT WARRANTIES OR CONDITIONS OF ANY KIND, either express or implied.
   See the License for the specific language governing permissions and
   limitations under the License.
   ====================================================================
-->
<!DOCTYPE document PUBLIC "-//APACHE//DTD Documentation V2.0//EN" "document-v20.dtd">

<document>
  <header>
    <title>Apache POI - Download Release Artifacts</title>
  </header>

  <body>
    <section><title>Available Downloads</title>
      <p>
       This page provides instructions on how to download and verify the
       Apache POI release artifacts. There are different versions available depending on
        how stable your code should be.
      </p>
      <ul>
          <!-- li><a href="#POI-3.17-beta1">The latest beta release is Apache POI 3.17-beta1</a></li -->
          <li><a href="#POI-3.17">The latest stable release is Apache POI 3.17</a></li>
          <li><a href="#nightly">Nightly/CI builds are available as well</a></li>
          <li><a href="#archive">Archives of all prior releases</a></li>
      </ul>
      <p>
        Apache POI releases are available under the <a href="https://www.apache.org/licenses/LICENSE-2.0">Apache License, Version 2.0.</a> 
        See the NOTICE file contained in each release artifact for applicable copyright attribution notices. 
      </p>
      <p>
        To ensure that you have downloaded the true release you should <a href="#verify">verify the integrity</a> 
        of the files using the signatures and checksums available from this page.
      </p>
    </section>

    <!-- latest beta release -->

	<!-- 
    <section id="POI-3.17-beta1"><title>01 July 2017 - POI 3.17-beta1 available</title>
      <p>The Apache POI team is pleased to announce the release of 3.17-beta1.
         Featured are a handful of new areas of functionality and numerous bug fixes.</p>
      <p>A summary of changes is available in the
        <a href="https://www.apache.org/dyn/closer.lua/poi/dev/RELEASE-NOTES-3.17-beta1.txt">Release Notes</a>.
        A full list of changes is available in the <a href="changes.html">change log</a>.
        People interested should also follow the <a href="site:mailinglists">dev list</a>
        to track progress.</p>
      <p>
        The POI source release as well as the pre-built binary deployment packages are listed below.
        Pre-built versions of all <a href="site:components">POI components</a>
        are available in the central Maven repository under Group ID "org.apache.poi" and Version
        "3.17-beta1".
      </p>
      <section id="POI-3.17-beta1-bin"><title>Binary Distribution</title>
      <ul>
        <li><a href="https://www.apache.org/dyn/closer.lua/poi/dev/bin/poi-bin-3.17-beta1-20170701.tar.gz">poi-bin-3.17-beta1-20170701.tar.gz</a>
          (20.11 MB, <a href="https://www.apache.org/dist/poi/dev/bin/poi-bin-3.17-beta1-20170701.tar.gz.asc">signature (.asc)</a>)
          <br/>
          MD5 checksum: <a href="https://www.apache.org/dist/poi/dev/bin/poi-bin-3.17-beta1-20170701.tar.gz.md5">
          b0c29f837c4fe411c76ac73899f6cef3</a>
          <br/>
          SHA1 checksum: <a href="https://www.apache.org/dist/poi/dev/bin/poi-bin-3.17-beta1-20170701.tar.gz.sha1">
          5f9a85afa374209d885243051bd25b1f3524df35</a>
        </li>
        <li><a href="https://www.apache.org/dyn/closer.lua/poi/dev/bin/poi-bin-3.17-beta1-20170701.zip">poi-bin-3.17-beta1-20170701.zip</a>
          (28.69 MB, <a href="https://www.apache.org/dist/poi/dev/bin/poi-bin-3.17-beta1-20170701.zip.asc">signature (.asc)</a>)
          <br/>
          MD5 checksum: <a href="https://www.apache.org/dist/poi/dev/bin/poi-bin-3.17-beta1-20170701.zip.md5">
          01a851625c1e4f07e7c794a9a1ee34df</a>
          <br/>
          SHA1 checksum: <a href="https://www.apache.org/dist/poi/dev/bin/poi-bin-3.17-beta1-20170701.zip.sha1">
          3c5bc487c842c7f6f65384be3a6f82538103892d</a>
        </li>
      </ul>
      </section>
      <section id="POI-3.17-beta1-src"><title>Source Distribution</title>
      <ul>
        <li><a href="https://www.apache.org/dyn/closer.lua/poi/dev/src/poi-src-3.17-beta1-20170701.tar.gz">poi-src-3.17-beta1-20170701.tar.gz</a>
          (82.73 MB, <a href="https://www.apache.org/dist/poi/dev/src/poi-src-3.17-beta1-20170701.tar.gz.asc">signature (.asc)</a>)
          <br/>
          MD5 checksum: <a href="https://www.apache.org/dist/poi/dev/src/poi-src-3.17-beta1-20170701.tar.gz.md5">
          e70a44b2fe7abc8770e43fc7a1c37b59</a>
          <br/>
          SHA1 checksum: <a href="https://www.apache.org/dist/poi/dev/src/poi-src-3.17-beta1-20170701.tar.gz.sha1">
          fe9c808d38139fc7efe2de6c0a1a8d41283973cc</a>
        </li>
        <li><a href="https://www.apache.org/dyn/closer.lua/poi/dev/src/poi-src-3.17-beta1-20170701.zip">poi-src-3.17-beta1-20170701.zip</a>
          (86.87 MB, <a href="https://www.apache.org/dist/poi/dev/src/poi-src-3.17-beta1-20170701.zip.asc">signature (.asc)</a>)
          <br/>
          MD5 checksum: <a href="https://www.apache.org/dist/poi/dev/src/poi-src-3.17-beta1-20170701.zip.md5">
          5da06274e9a4ff9f22e1631408d68d5d</a>
          <br/>
          SHA1 checksum: <a href="https://www.apache.org/dist/poi/dev/src/poi-src-3.17-beta1-20170701.zip.sha1">
          89e49927dd598f1a8b63b7febd7db3b5cb8dfa26</a>
        </li>
      </ul>
      </section>
    </section>
	 --> 
    <!-- latest final release -->


    <section id="POI-3.17"><title>15 September 2017 - POI 3.17 available</title>
      <p>The Apache POI team is pleased to announce the release of 3.17.
         Featured are a handful of new areas of functionality and numerous bug fixes.</p>
      <p>POI 3.17 is the last release to support Java 6. The next release will be 4.0.0 and supports min. Java 8.</p>
      <p>A summary of changes is available in the
        <a href="https://www.apache.org/dyn/closer.lua/poi/dev/RELEASE-NOTES-3.17.txt">Release Notes</a>.
        A full list of changes is available in the <a href="site:changes">change log</a>.
        People interested should also follow the <a href="site:mailinglists">dev list</a>
        to track progress.</p>
      <p>
        The POI source release as well as the pre-built binary deployment packages are listed below.
        Pre-built versions of all <a href="site:components">POI components</a>
        are available in the central Maven repository under Group ID "org.apache.poi" and Version
        "3.17".
      </p>
      <section id="POI-3.17-bin"><title>Binary Distribution</title>
      <ul>
        <li><a href="https://www.apache.org/dyn/closer.lua/poi/release/bin/poi-bin-3.17-20170915.tar.gz">poi-bin-3.17-20170915.tar.gz</a>
          (20.11 MB, <a href="https://www.apache.org/dist/poi/release/bin/poi-bin-3.17-20170915.tar.gz.asc">signature (.asc)</a>)
          <br/>
          MD5 checksum: <a href="https://www.apache.org/dist/poi/release/bin/poi-bin-3.17-20170915.tar.gz.md5">
          00d75d263fa8aaf991b4d9f538fa3499</a>
          <br/>
          SHA1 checksum: <a href="https://www.apache.org/dist/poi/release/bin/poi-bin-3.17-20170915.tar.gz.sha1">
          30b4ddd491a1d016e48e10fbd92e0cc43a6cb196</a>
          <br/>
          SHA512 checksum: <a href="https://www.apache.org/dist/poi/release/bin/poi-bin-3.17-20170915.tar.gz.sha512">
          c1a760f4f051054e5cf17c512e837b22fd28484bd82b691db019e3309d1736942e39e3fb8c4195e72c474077d95e89ded0b40ec49c7c78dace8e6596d6c7e298</a>
        </li>
        <li><a href="https://www.apache.org/dyn/closer.lua/poi/release/bin/poi-bin-3.17-20170915.zip">poi-bin-3.17-20170915.zip</a>
          (28.65 MB, <a href="https://www.apache.org/dist/poi/release/bin/poi-bin-3.17-20170915.zip.asc">signature (.asc)</a>)
          <br/>
          MD5 checksum: <a href="https://www.apache.org/dist/poi/release/bin/poi-bin-3.17-20170915.zip.md5">
          d3f49331d4c3375f9729d864c1fa1164</a>
          <br/>
          SHA1 checksum: <a href="https://www.apache.org/dist/poi/release/bin/poi-bin-3.17-20170915.zip.sha1">
          517824614c6a90ea6f0843b8efdb0b7ad80f69ed</a>
          <br/>
          SHA512 checksum: <a href="https://www.apache.org/dist/poi/release/bin/poi-bin-3.17-20170915.zip.sha512">
          39f4a85f2cc8a0355c65c73e28df1ac91e5a24baa25ecc591bcd8b3701c29c5b6f7aba15199b4f1a88479ef634996f9b86c5a7b1164d57c2ba2059acfb30e448</a>
        </li>
      </ul>
      </section>
      <section id="POI-3.17-src"><title>Source Distribution</title>
      <ul>
        <li><a href="https://www.apache.org/dyn/closer.lua/poi/release/src/poi-src-3.17-20170915.tar.gz">poi-src-3.17-20170915.tar.gz</a>
          (88.14 MB, <a href="https://www.apache.org/dist/poi/release/src/poi-src-3.17-20170915.tar.gz.asc">signature (.asc)</a>)
          <br/>
          MD5 checksum: <a href="https://www.apache.org/dist/poi/release/src/poi-src-3.17-20170915.tar.gz.md5">
          c11eac47c8b870e1f9626bfba8d2dc56</a>
          <br/>
          SHA1 checksum: <a href="https://www.apache.org/dist/poi/release/src/poi-src-3.17-20170915.tar.gz.sha1">
          3e71f7c7d973ab8b226e1b1cf87dbcf1aab9e717</a>
          <br/>
          SHA512 checksum: <a href="https://www.apache.org/dist/poi/release/src/poi-src-3.17-20170915.tar.gz.sha512">
          9008c47f1e3b15a0579d9cb518b8b3219e143e3100de9d7e1501ddd64e6fe439265a072ecabb85e6eecdb8621e20ac46fede26c382d98f11f0998c1a19b79ee9</a>
        </li>
        <li><a href="https://www.apache.org/dyn/closer.lua/poi/release/src/poi-src-3.17-20170915.zip">poi-src-3.17-20170915.zip</a>
          (92.23 MB, <a href="https://www.apache.org/dist/poi/release/src/poi-src-3.17-20170915.zip.asc">signature (.asc)</a>)
          <br/>
          MD5 checksum: <a href="https://www.apache.org/dist/poi/release/src/poi-src-3.17-20170915.zip.md5">
          68e181082793adfe571b03ec8a2bb927</a>
          <br/>
          SHA1 checksum: <a href="https://www.apache.org/dist/poi/release/src/poi-src-3.17-20170915.zip.sha1">
          83ad40c6ad762da0531677c977f3f9f1bad41734</a>
          <br/>
          SHA512 checksum: <a href="https://www.apache.org/dist/poi/release/src/poi-src-3.17-20170915.zip.sha512">
          64a5103b5841a8e516d308de15ffb5d94f6b11f5d45f822b7645fad4b84d0af80abad690b7ed979c10009c21fd254c30fe416d4b034139e7be4e835967a36e2b</a>
        </li>
      </ul>
      </section>
    </section>
    
    <section id="nightly"><title>Nightly Builds</title>
     <p>The POI nightly builds are run on the <a href="https://builds.apache.org/view/P/view/POI/">Jenkins</a> continuous integration server.
     <br/>
     <strong>These builds should not be used in production</strong>: they are mostly intended for use by developers
     to help with resolving bugs and evaluating new features or users who want to try out the latest version.
     </p>
     <ul>
      <li><a href="https://builds.apache.org/view/P/view/POI/job/POI-DSL-1.8/lastSuccessfulBuild/artifact/build/dist/">
        Last Successful Jenkins build for POI-trunk</a></li> 
     </ul>
    </section>

    <section id="verify"><title>Verify</title>
      <p>
        It is essential that you verify the integrity of the downloaded files using the PGP and MD5 signatures. 
        Please read <a href="https://httpd.apache.org/dev/verification.html">Verifying Apache HTTP Server Releases</a>
	for more information on why you should verify our releases. This page provides detailed instructions which you can use for POI artifacts.
      </p>
      <p>
        The PGP signatures can be verified using PGP or GPG. First
        <a href="https://svn.apache.org/repos/asf/poi/trunk/KEYS">download the KEYS file</a>
        as well as the .asc signature files  for the relevant release packages.
        Make sure you get these files from the main distribution directory, rather than from a mirror.
        Then <a href="https://www.apache.org/info/verification.html">verify the signatures</a>.
      </p>
      <p>  
        As an example:
      </p>
      <source>
% pgpk -a KEYS
% pgpv poi-X.Y.Z.jar.asc        
      </source>  
      <p>or</p>
      <source>
% pgp -ka KEYS
% pgp poi-X.Y.Z.jar.asc
      </source>
      <p>or</p>
      <source>
% gpg --import KEYS
% gpg --verify poi-X.Y.Z.jar.asc poi-X.Y.Z.jar
      </source>
      <p>Sample verification of poi-bin-3.5-FINAL-20090928.tar.gz</p>
      <source>
% gpg --import KEYS
gpg: key 12DAE9BE: "Glen Stampoultzis &lt;glens at apache dot org&gt;" not changed
gpg: key 4CEED75F: "Nick Burch &lt;nick at gagravarr dot org&gt;" not changed
gpg: key 84B5A42E: "Rainer Klute &lt;rainer.klute at gmx dot de&gt;" not changed
gpg: key F5BB52CD: "Yegor Kozlov &lt;yegor.kozlov at gmail dot com&gt;" not changed
gpg: Total number processed: 4
gpg:              unchanged: 4
% gpg --verify poi-bin-3.5-FINAL-20090928.tar.gz.asc poi-bin-3.5-FINAL-20090928.tar.gz
gpg: Signature made Mon Sep 28 10:28:25 2009 PDT using DSA key ID F5BB52CD
gpg: Good signature from "Yegor Kozlov &lt;yegor.kozlov at gmail dot com&gt;"
gpg:                 aka "Yegor Kozlov &lt;yegor at dinom dot ru&gt;"
gpg:                 aka "Yegor Kozlov &lt;yegor at apache dot org&gt;"
Primary key fingerprint: 7D77 0C77 6CE7 754E E6AF  23AA 6934 0A02 F5BB 52CD
% gpg --fingerprint F5BB52CD
pub   1024D/F5BB52CD 2007-06-18 [expires: 2012-06-16]
       Key fingerprint = 7D77 0C77 6CE7 754E E6AF  23AA 6934 0A02 F5BB 52CD
uid                  Yegor Kozlov &lt;yegor.kozlov at gmail dot com&gt;
uid                  Yegor Kozlov &lt;yegor at dinom dot ru&gt;
uid                  Yegor Kozlov &lt;yegor at apache dot org&gt;
sub   4096g/7B45A98A 2007-06-18 [expires: 2012-06-16]
      </source>
    </section>
    <section id="archive"><title>Release Archives</title>
      <p>
	Apache POI became a top level project in June 2007 and POI 3.0 artifacts were re-released.
	Prior to that date POI was a sub-project of <a href="https://jakarta.apache.org/">Apache Jakarta.</a>
      </p>
      <ul>
          <li><a href="https://archive.apache.org/dist/poi/release/bin/">Binary Artifacts</a></li>
          <li><a href="https://archive.apache.org/dist/poi/release/src/">Source Artifacts</a></li>
          <!-- We don't encourage using beta builds, but if someone needs a beta build because of an unfixed bug
               that was introduced between a beta release and a final release, beta releases are also archived.
               archived beta releases: https://archive.apache.org/dist/poi/dev/ -->
          <li><a href="https://archive.apache.org/dist/poi/">Keys</a></li>
          <li><a href="https://archive.apache.org/dist/jakarta/poi/release/">Artifacts from prior to 3.0</a></li>
      </ul>
    </section>
  </body>
  <footer>
    <legal>
      Copyright (c) @year@ The Apache Software Foundation. All rights reserved.
      <br />
      Apache POI, POI, Apache, the Apache feather logo, and the Apache 
      POI project logo are trademarks of The Apache Software Foundation.
    </legal>
  </footer>
</document>
